<?xml version="1.0"?>
<doc>
    <assembly>
        <name>$safeprojectname$</name>
    </assembly>
    <members>
        <member name="T:$safeprojectname$.Controllers.FileInfosController">
            <summary>
            文件相关
            </summary>
        </member>
        <member name="M:$safeprojectname$.Controllers.FileInfosController.ResizeImageAndSave(System.IO.Stream,System.String)">
            <summary>
            压缩图片并保存
            1024*768
            </summary>
            <param name="stream"></param>
            <param name="filename"></param>
        </member>
        <member name="T:$safeprojectname$.Controllers.UserInfosController">
            <summary>
            账户相关
            </summary>
        </member>
        <member name="M:$safeprojectname$.Controllers.UserInfosController.LoginAsync($safeprojectname$.InputModels.UserInfos.LoginIpt)">
            <summary>
            登录授权
            </summary>
            <param name="ipt"></param>
            <returns></returns>
        </member>
        <member name="M:$safeprojectname$.Controllers.UserInfosController.LoginTest">
            <summary>
            授权测试
            </summary>
            <returns></returns>
        </member>
        <member name="M:$safeprojectname$.Controllers.UserInfosController.CacheTest">
            <summary>
            缓存、ID测试
            </summary>
            <returns></returns>
        </member>
        <member name="T:$safeprojectname$.Controllers.UserOperationLogsController">
            <summary>
            操作日志相关
            </summary>
        </member>
        <member name="M:$safeprojectname$.Controllers.UserOperationLogsController.#ctor($safeprojectname$.DbContexts.WebApplication7Context)">
            <summary>
            
            </summary>
            <param name="context"></param>
        </member>
        <member name="M:$safeprojectname$.Controllers.UserOperationLogsController.ListAsync($safeprojectname$.InputModels.UserOperationLogs.ListIpt)">
            <summary>
            列表查询
            </summary>
            <param name="ipt"></param>
            <returns></returns>
        </member>
        <member name="M:$safeprojectname$.HttpRequestExtensions.ToRelativePath(Microsoft.AspNetCore.Http.HttpRequest,System.String)">
            <summary>
            绝对路径地址转相对路径地址
            </summary>
            <param name="request"></param>
            <param name="path">绝对路径地址</param>
            <returns></returns>
        </member>
        <member name="M:$safeprojectname$.HttpRequestExtensions.ToAbsolutePath(Microsoft.AspNetCore.Http.HttpRequest,System.String)">
            <summary>
            相对路径地址转绝对路径地址
            </summary>
            <param name="request"></param>
            <param name="path">相对路径</param>
            <returns></returns>
        </member>
        <member name="T:$safeprojectname$.InputModels.PageIpt">
            <summary>
            分页查询
            </summary>
        </member>
        <member name="P:$safeprojectname$.InputModels.PageIpt.Serach">
            <summary>
            关键词
            </summary>
        </member>
        <member name="P:$safeprojectname$.InputModels.PageIpt.Limit">
            <summary>
            最大行数
            </summary>
        </member>
        <member name="P:$safeprojectname$.InputModels.PageIpt.Offset">
            <summary>
            起始位置
            </summary>
        </member>
        <member name="T:$safeprojectname$.InputModels.UserInfos.LoginIpt">
            <summary>
            登录输入
            </summary>
        </member>
        <member name="P:$safeprojectname$.InputModels.UserInfos.LoginIpt.Account">
            <summary>
            账号
            </summary>
        </member>
        <member name="P:$safeprojectname$.InputModels.UserInfos.LoginIpt.Password">
            <summary>
            密码
            SHA1
            </summary>
        </member>
        <member name="T:$safeprojectname$.JsonConverters.DateTimeToDay">
            <summary>
            年月日 格式化
            yyyy-HH-dd
            </summary>
        </member>
        <member name="T:$safeprojectname$.JsonConverters.DateTimeToMinute">
            <summary>
            年月日时分 格式化
            yyyy-HH-mm HH:mm
            </summary>
        </member>
        <member name="T:$safeprojectname$.JsonConverters.DateTimeToSecond">
            <summary>
            年月日时分秒 格式化
            yyyy-HH-mm HH:mm:ss
            </summary>
        </member>
        <member name="T:$safeprojectname$.JsonConverters.DecimalToCent">
            <summary>
            金额格式 0.00
            </summary>
        </member>
        <member name="T:$safeprojectname$.JWTTokenHelper">
            <summary>
            JWT授权
            </summary>
        </member>
        <member name="M:$safeprojectname$.JWTTokenHelper.Get($safeprojectname$.Options.JWTTokenConfig,System.String,System.String[])">
            <summary>
            获取TOKEN值
            </summary>
            <param name="configuration"></param>
            <param name="id"></param>
            <param name="authenticationCodes"></param>
            <returns></returns>
        </member>
        <member name="T:$safeprojectname$.Options.JWTTokenConfig">
            <summary>
            JWT配置
            </summary>
        </member>
        <member name="P:$safeprojectname$.Options.JWTTokenConfig.Issuer">
            <summary>
            谁颁发的
            </summary>
        </member>
        <member name="P:$safeprojectname$.Options.JWTTokenConfig.Audience">
            <summary>
            颁发给谁
            </summary>
        </member>
        <member name="P:$safeprojectname$.Options.JWTTokenConfig.SigningKey">
            <summary>
            令牌密码
            a secret that needs to be at least 16 characters long
            </summary>
        </member>
        <member name="P:$safeprojectname$.Options.JWTTokenConfig.Expires">
            <summary>
            过期时间(分钟)
            </summary>
        </member>
        <member name="P:$safeprojectname$.Options.JWTTokenConfig.ValidateLifetime">
            <summary>
            是否校验过期时间
            </summary>
        </member>
        <member name="T:$safeprojectname$.OutpotModes.BaseOpt">
            <summary>
            基础输出
            </summary>
        </member>
        <member name="P:$safeprojectname$.OutpotModes.BaseOpt.StatuCode">
            <summary>
            状态码
            1200 成功
            1400 已知错误
            1401 未登录
            1403 无权限
            1500 未知错误
            </summary>
        </member>
        <member name="P:$safeprojectname$.OutpotModes.BaseOpt.StatuMsg">
            <summary>
            状态描述
            </summary>
        </member>
        <member name="T:$safeprojectname$.OutpotModes.Opt">
            <summary>
            输出
            </summary>
        </member>
        <member name="M:$safeprojectname$.OutpotModes.Opt.CreateSuccessed``1(System.Action{``0})">
            <summary>
            创建成功实例
            </summary>
            <typeparam name="T"></typeparam>
            <param name="action"></param>
            <returns></returns>
        </member>
        <member name="M:$safeprojectname$.OutpotModes.Opt.CreateFailed1500``1">
            <summary>
            创建位置错误实例
            </summary>
            <typeparam name="T"></typeparam>
            <returns></returns>
        </member>
        <member name="M:$safeprojectname$.OutpotModes.Opt.CreateFailed1400``1(System.String)">
            <summary>
            创建已知错误实例
            </summary>
            <typeparam name="T"></typeparam>
            <param name="msg"></param>
            <returns></returns>
        </member>
        <member name="M:$safeprojectname$.OutpotModes.Opt.CreateFailed1401``1">
            <summary>
            创建未登录实例
            </summary>
            <typeparam name="T"></typeparam>
            <returns></returns>
        </member>
        <member name="M:$safeprojectname$.OutpotModes.Opt.CreateFailed1403``1">
            <summary>
            创建无权限实例
            </summary>
            <typeparam name="T"></typeparam>
            <returns></returns>
        </member>
        <member name="M:$safeprojectname$.OutpotModes.Opt.CreateFailed1406``1(System.String)">
            <summary>
            创建参数错误实例
            </summary>
            <typeparam name="T"></typeparam>
            <param name="msg"></param>
            <returns></returns>
        </member>
        <member name="T:$safeprojectname$.OutpotModes.FileInfos.UploadOpt">
            <summary>
            上传输出
            </summary>
        </member>
        <member name="P:$safeprojectname$.OutpotModes.FileInfos.UploadOpt.FilePath">
            <summary>
            文件路劲
            </summary>
        </member>
        <member name="T:$safeprojectname$.OutpotModes.IdOpt">
            <summary>
            标识输出
            </summary>
        </member>
        <member name="P:$safeprojectname$.OutpotModes.IdOpt.Id">
            <summary>
            ID
            </summary>
        </member>
        <member name="T:$safeprojectname$.OutpotModes.PageOpt`1">
            <summary>
            分页输出
            </summary>
            <typeparam name="T"></typeparam>
        </member>
        <member name="P:$safeprojectname$.OutpotModes.PageOpt`1.TotalSize">
            <summary>
            总长度
            </summary>
        </member>
        <member name="P:$safeprojectname$.OutpotModes.PageOpt`1.Rows">
            <summary>
            当前数据集
            </summary>
        </member>
        <member name="T:$safeprojectname$.OutpotModes.UserInfos.LoginOpt">
            <summary>
            登录输出
            </summary>
        </member>
        <member name="P:$safeprojectname$.OutpotModes.UserInfos.LoginOpt.Token">
            <summary>
            授权TOKEN
            </summary>
        </member>
        <member name="P:$safeprojectname$.OutpotModes.UserInfos.LoginOpt.Roles">
            <summary>
            权限集合
            引文逗号分割
            </summary>
        </member>
        <member name="T:$safeprojectname$.OutpotModes.UserOperationLogs.ListOpt">
            <summary>
            列表输出
            </summary>
        </member>
        <member name="P:$safeprojectname$.OutpotModes.UserOperationLogs.ListOpt.OperationName">
            <summary>
            操作名称
            </summary>
        </member>
        <member name="P:$safeprojectname$.OutpotModes.UserOperationLogs.ListOpt.UserName">
            <summary>
            用户名称
            </summary>
        </member>
        <member name="P:$safeprojectname$.OutpotModes.UserOperationLogs.ListOpt.UserIPAddress">
            <summary>
            IP地址
            </summary>
        </member>
        <member name="P:$safeprojectname$.OutpotModes.UserOperationLogs.ListOpt.WriteTime">
            <summary>
            记录时间
            </summary>
        </member>
        <member name="P:$safeprojectname$.RecurringJobs.RecurringJobBox.context">
            <summary>
            请上锁，避免占用太多资源
            </summary>
        </member>
        <member name="T:$safeprojectname$.SnowflakeHelper">
            <summary>
            雪花ID助手
            </summary>
        </member>
        <member name="M:$safeprojectname$.SnowflakeHelper.NextId">
            <summary>
            获取连续唯一数字ID
            </summary>
            <returns></returns>
        </member>
    </members>
</doc>
