<?xml version="1.0"?>
<doc>
    <assembly>
        <name>SanJing.Excel</name>
    </assembly>
    <members>
        <member name="T:SanJing.Excel.Export">
            <summary>
            快速导出XLS文件
            </summary>
        </member>
        <member name="M:SanJing.Excel.Export.SaveAs2003(System.String,System.Collections.Generic.IEnumerable{System.String[]})">
            <summary>
            保存数据至XLS文件
            </summary>
            <param name="filename">完整文件名XLS</param>
            <param name="source">数据源</param>
        </member>
        <member name="M:SanJing.Excel.Export.SaveAs2007(System.String,System.Collections.Generic.IEnumerable{System.String[]})">
            <summary>
            保存数据至XLSX文件
            </summary>
            <param name="filename">完整文件名XLSX</param>
            <param name="source">数据源</param>
        </member>
        <member name="T:SanJing.Excel.Import">
            <summary>
            快速导入XLS文件
            </summary>
        </member>
        <member name="M:SanJing.Excel.Import.ReadAs2007(System.String,System.Int32)">
            <summary>
            从XLSX文件读取数据
            </summary>
            <param name="filename">完整文件名XLSX</param>
            <param name="cellnum">读取数据的最大列序数（从0开始算）</param>
            <returns>（0,0）到（最大行序数,cellnum）</returns>
        </member>
        <member name="M:SanJing.Excel.Import.ReadAs2003(System.String,System.Int32)">
            <summary>
            从XLS文件读取数据
            </summary>
            <param name="filename">完整文件名XLS</param>
            <param name="cellnum">读取数据的最大列序数（从0开始算）</param>
            <returns>（0,0）到（最大行序数,cellnum）</returns>
        </member>
    </members>
</doc>
